<?xml version="1.0" encoding="UTF-8"?>
<!DOCTYPE mapper PUBLIC "-//mybatis.org//DTD Mapper 3.0//EN" "http://mybatis.org/dtd/mybatis-3-mapper.dtd">

<mapper namespace="com.dao.CailiaofenleiDao">

	<!-- 可根据自己的需求，是否要使用 -->
    <resultMap type="com.entity.CailiaofenleiEntity" id="cailiaofenleiMap">
        <result property="cailiaofenlei" column="cailiaofenlei"/>
    </resultMap>

	<select id="selectListVO"
		resultType="com.entity.vo.CailiaofenleiVO" >
		SELECT * FROM cailiaofenlei  cailiaofenlei         
        <where> 1=1 ${ew.sqlSegment}</where>
	</select>
	
	<select id="selectVO"
		resultType="com.entity.vo.CailiaofenleiVO" >
		SELECT  cailiaofenlei.* FROM cailiaofenlei  cailiaofenlei 	
 		<where> 1=1 ${ew.sqlSegment}</where>
	</select>

    <select id="selectListView"
		resultType="com.entity.view.CailiaofenleiView" >

		SELECT  cailiaofenlei.* FROM cailiaofenlei  cailiaofenlei 	        
        <where> 1=1 ${ew.sqlSegment}</where>
	</select>
	
	<select id="selectView"
		resultType="com.entity.view.CailiaofenleiView" >
		SELECT * FROM cailiaofenlei  cailiaofenlei <where> 1=1 ${ew.sqlSegment}</where>
	</select>
	
</mapper>