<?xml version="1.0" encoding="UTF-8"?>
<!DOCTYPE mapper PUBLIC "-//mybatis.org//DTD Mapper 3.0//EN" "http://mybatis.org/dtd/mybatis-3-mapper.dtd">

<mapper namespace="com.dao.CheliangxinghaoDao">

	<!-- 可根据自己的需求，是否要使用 -->
    <resultMap type="com.entity.CheliangxinghaoEntity" id="cheliangxinghaoMap">
        <result property="cheliangxinghao" column="cheliangxinghao"/>
    </resultMap>

	<select id="selectListVO"
		resultType="com.entity.vo.CheliangxinghaoVO" >
		SELECT * FROM cheliangxinghao  cheliangxinghao         
        <where> 1=1 ${ew.sqlSegment}</where>
	</select>
	
	<select id="selectVO"
		resultType="com.entity.vo.CheliangxinghaoVO" >
		SELECT  cheliangxinghao.* FROM cheliangxinghao  cheliangxinghao 	
 		<where> 1=1 ${ew.sqlSegment}</where>
	</select>

    <select id="selectListView"
		resultType="com.entity.view.CheliangxinghaoView" >

		SELECT  cheliangxinghao.* FROM cheliangxinghao  cheliangxinghao 	        
        <where> 1=1 ${ew.sqlSegment}</where>
	</select>
	
	<select id="selectView"
		resultType="com.entity.view.CheliangxinghaoView" >
		SELECT * FROM cheliangxinghao  cheliangxinghao <where> 1=1 ${ew.sqlSegment}</where>
	</select>
	
</mapper>