<?xml version="1.0" encoding="UTF-8"?>
<!DOCTYPE mapper PUBLIC "-//mybatis.org//DTD Mapper 3.0//EN" "http://mybatis.org/dtd/mybatis-3-mapper.dtd">

<mapper namespace="com.dao.CheliangzhanshiDao">

	<!-- 可根据自己的需求，是否要使用 -->
    <resultMap type="com.entity.CheliangzhanshiEntity" id="cheliangzhanshiMap">
        <result property="cheliangbianhao" column="cheliangbianhao"/>
        <result property="cheliangpinpai" column="cheliangpinpai"/>
        <result property="cheliangxinghao" column="cheliangxinghao"/>
        <result property="yanse" column="yanse"/>
        <result property="huandangfangshi" column="huandangfangshi"/>
        <result property="cheliangzhaopian" column="cheliangzhaopian"/>
        <result property="pailiang" column="pailiang"/>
        <result property="cheshenleixing" column="cheshenleixing"/>
        <result property="chezhong" column="chezhong"/>
        <result property="youxiangrongji" column="youxiangrongji"/>
        <result property="chemenshu" column="chemenshu"/>
        <result property="zhouju" column="zhouju"/>
        <result property="chezuo" column="chezuo"/>
        <result property="dengjiriqi" column="dengjiriqi"/>
        <result property="cheliangxiangqing" column="cheliangxiangqing"/>
        <result property="clicktime" column="clicktime"/>
        <result property="clicknum" column="clicknum"/>
        <result property="price" column="price"/>
    </resultMap>

	<select id="selectListVO"
		resultType="com.entity.vo.CheliangzhanshiVO" >
		SELECT * FROM cheliangzhanshi  cheliangzhanshi         
        <where> 1=1 ${ew.sqlSegment}</where>
	</select>
	
	<select id="selectVO"
		resultType="com.entity.vo.CheliangzhanshiVO" >
		SELECT  cheliangzhanshi.* FROM cheliangzhanshi  cheliangzhanshi 	
 		<where> 1=1 ${ew.sqlSegment}</where>
	</select>

    <select id="selectListView"
		resultType="com.entity.view.CheliangzhanshiView" >

		SELECT  cheliangzhanshi.* FROM cheliangzhanshi  cheliangzhanshi 	        
        <where> 1=1 ${ew.sqlSegment}</where>
	</select>
	
	<select id="selectView"
		resultType="com.entity.view.CheliangzhanshiView" >
		SELECT * FROM cheliangzhanshi  cheliangzhanshi <where> 1=1 ${ew.sqlSegment}</where>
	</select>
	
</mapper>