<?xml version="1.0" encoding="UTF-8"?>
<!DOCTYPE mapper PUBLIC "-//mybatis.org//DTD Mapper 3.0//EN" "http://mybatis.org/dtd/mybatis-3-mapper.dtd">

<mapper namespace="com.dao.WeixiucailiaoDao">

	<!-- 可根据自己的需求，是否要使用 -->
    <resultMap type="com.entity.WeixiucailiaoEntity" id="weixiucailiaoMap">
        <result property="cailiaomingcheng" column="cailiaomingcheng"/>
        <result property="cailiaofenlei" column="cailiaofenlei"/>
        <result property="guige" column="guige"/>
        <result property="shuliang" column="shuliang"/>
        <result property="tupian" column="tupian"/>
        <result property="cailiaojieshao" column="cailiaojieshao"/>
    </resultMap>

	<select id="selectListVO"
		resultType="com.entity.vo.WeixiucailiaoVO" >
		SELECT * FROM weixiucailiao  weixiucailiao         
        <where> 1=1 ${ew.sqlSegment}</where>
	</select>
	
	<select id="selectVO"
		resultType="com.entity.vo.WeixiucailiaoVO" >
		SELECT  weixiucailiao.* FROM weixiucailiao  weixiucailiao 	
 		<where> 1=1 ${ew.sqlSegment}</where>
	</select>

    <select id="selectListView"
		resultType="com.entity.view.WeixiucailiaoView" >

		SELECT  weixiucailiao.* FROM weixiucailiao  weixiucailiao 	        
        <where> 1=1 ${ew.sqlSegment}</where>
	</select>
	
	<select id="selectView"
		resultType="com.entity.view.WeixiucailiaoView" >
		SELECT * FROM weixiucailiao  weixiucailiao <where> 1=1 ${ew.sqlSegment}</where>
	</select>
	
</mapper>